{"cameraMode":{"drawMode":0,"name":"Shaded","section":"Shading Mode"},"sceneLighting":false,"audioPlay":false,"sceneViewState":{"m_AlwaysRefresh":false,"showFog":true,"showSkybox":true,"showFlares":true,"showImageEffects":true,"showParticleSystems":true,"showVisualEffectGraphs":true,"m_FxEnabled":true},"in2DMode":false,"pivot":{"x":0.3168700039386749,"y":0.2218100130558014,"z":0.3168700039386749},"rotation":{"x":-0.3498111367225647,"y":-0.3838968873023987,"z":0.1599447876214981,"w":-0.8394787311553955},"size":0.25980764627456667,"orthographic":false}